{
  "created": 1741894156586,
  "description": "",
  "id": "1",
  "modified": 1741990105210,
  "owner": "vwl29@sfu.ca_simonfraseru",
  "tags": "",
  "thumbnail": null,
  "title": "Esri App Challenge 2025 ExperienceBuilder mar13_0143",
  "type": "Web Experience",
  "snippet": null,
  "typeKeywords": [
    "Web Experience",
    "Ready To Use",
    "JavaScript",
    "status: Published",
    "version:1.16.0",
    "publishVersion:1.16.0"
  ],
  "portalUrl": "https://simonfraseru.maps.arcgis.com",
  "username": "vwl29@sfu.ca_simonfraseru",
  "name": "Esri App Challenge 2025 ExperienceBuilder mar13_0143",
  "isLocalApp": true,
  "url": null
}