{
  "1741763963242": {
    "originalName": "20250312_0017_SFU Logo Creation_simple_compose_01jp4ke40defkr14nhet2bpnxc.gif",
    "fileName": "1741763963242.gif",
    "size": 2395477,
    "url": "${appResourceUrl}/images/widget_266/1741763963242.gif",
    "created": 1741763963242,
    "resourcesPrefix": "images/widget_266",
    "referredIds": [],
    "originId": "1741763963242",
    "fileFormat": "image/gif",
    "isUseCompress": false,
    "originalWidth": 320,
    "originalHeight": 180
  },
  "1741811401841": {
    "originalName": "5558816-uhd_3840_2160_30fps.gif",
    "fileName": "1741811401841.gif",
    "size": 2456805,
    "url": "${appResourceUrl}/images/background_setting/1741811401841.gif",
    "created": 1741811401841,
    "resourcesPrefix": "images/background_setting",
    "referredIds": [],
    "originId": "1741811401841",
    "fileFormat": "image/gif",
    "isUseCompress": false,
    "originalWidth": 400,
    "originalHeight": 225
  },
  "1741813178805": {
    "originalName": "SFU logo.png",
    "fileName": "1741813178805.png",
    "size": 19490,
    "url": "${appResourceUrl}/images/widget_266/1741813178805.png",
    "created": 1741813178805,
    "resourcesPrefix": "images/widget_266",
    "referredIds": [],
    "originId": "1741813178805",
    "fileFormat": "image/png",
    "isUseCompress": false,
    "originalWidth": 187,
    "originalHeight": 76
  },
  "1741819013368": {
    "originalName": "pexels-adi-k-182036-2382868.jpg",
    "fileName": "1741819013368.jpg",
    "size": 2068120,
    "url": "${appResourceUrl}/images/background_setting/1741819013368.jpg",
    "created": 1741819013368,
    "resourcesPrefix": "images/background_setting",
    "referredIds": [],
    "originId": "1741819013368",
    "fileFormat": "image/jpeg",
    "isUseCompress": false,
    "originalWidth": 5999,
    "originalHeight": 3360
  },
  "1741852441133": {
    "originalName": "Solutions_For_Us.png",
    "fileName": "1741852441133.png",
    "size": 4224,
    "url": "${appResourceUrl}/images/widget_333/1741852441133.png",
    "created": 1741852441133,
    "resourcesPrefix": "images/widget_333",
    "referredIds": [],
    "originId": "1741852441133",
    "fileFormat": "image/png",
    "isUseCompress": false,
    "originalWidth": 159,
    "originalHeight": 72
  },
  "1741852812510": {
    "originalName": "Solutions_For_Us.png",
    "fileName": "1741852812510.png",
    "size": 4426,
    "url": "${appResourceUrl}/images/widget_334/1741852812510.png",
    "created": 1741852812510,
    "resourcesPrefix": "images/widget_334",
    "referredIds": [],
    "originId": "1741852812510",
    "fileFormat": "image/png",
    "isUseCompress": false,
    "originalWidth": 217,
    "originalHeight": 55
  },
  "1741986924168": {
    "originalName": "Equation.png",
    "fileName": "1741986924168.png",
    "size": 18373,
    "url": "${appResourceUrl}/images/widget_441/1741986924168.png",
    "created": 1741986924168,
    "resourcesPrefix": "images/widget_441",
    "referredIds": [],
    "originId": "1741986924168",
    "fileFormat": "image/png",
    "isUseCompress": false,
    "originalWidth": 936,
    "originalHeight": 66
  },
  "1741987468858": {
    "originalName": "othercosts.png",
    "fileName": "1741987468858.png",
    "size": 9058,
    "url": "${appResourceUrl}/images/widget_445/1741987468858.png",
    "created": 1741987468858,
    "resourcesPrefix": "images/widget_445",
    "referredIds": [],
    "originId": "1741987468858",
    "fileFormat": "image/png",
    "isUseCompress": false,
    "originalWidth": 506,
    "originalHeight": 72
  }
}