{
  "created": 1741654236674,
  "description": "",
  "id": "0",
  "modified": 1741654569892,
  "owner": "vwl29@sfu.ca_simonfraseru",
  "tags": [],
  "thumbnail": null,
  "title": "SolutionsForUs 1",
  "type": "Web Experience",
  "snippet": "",
  "typeKeywords": [
    "EXB Experience",
    "JavaScript",
    "Ready To Use",
    "status: Draft",
    "version:1.16.0",
    "Web Application",
    "Web Experience",
    "Web Mapping Application",
    "Web Page",
    "Web Site"
  ],
  "portalUrl": "https://simonfraseru.maps.arcgis.com",
  "username": "vwl29@sfu.ca_simonfraseru",
  "name": "SolutionsForUs 1",
  "isLocalApp": true
}